{"cameraMode":{"drawMode":0,"name":"Shaded","section":"Shading Mode"},"sceneLighting":false,"audioPlay":false,"sceneViewState":{"m_AlwaysRefresh":false,"showFog":true,"showSkybox":false,"showFlares":true,"showImageEffects":true,"showParticleSystems":true,"showVisualEffectGraphs":true,"m_FxEnabled":true},"in2DMode":false,"pivot":{"x":-0.5456390380859375,"y":-1.7625491619110108,"z":2.9730653762817385},"rotation":{"x":-0.1680617779493332,"y":0.020709602162241937,"z":-0.003526700660586357,"w":-0.9855653047561646},"size":6.813717365264893,"orthographic":false}