{"cameraMode":{"drawMode":0,"name":"Shaded","section":"Shading Mode"},"sceneLighting":false,"audioPlay":false,"sceneViewState":{"m_AlwaysRefresh":false,"showFog":true,"showSkybox":false,"showFlares":true,"showImageEffects":true,"showParticleSystems":true,"showVisualEffectGraphs":true,"m_FxEnabled":true},"in2DMode":false,"pivot":{"x":3.0795562267303469,"y":4.157512664794922,"z":-0.39890599250793459},"rotation":{"x":0.06937747448682785,"y":0.9178808331489563,"z":-0.18501558899879456,"w":0.34424200654029848},"size":1.9348955154418946,"orthographic":false}