{"cameraMode":{"drawMode":0,"name":"Shaded","section":"Shading Mode"},"sceneLighting":false,"audioPlay":false,"sceneViewState":{"m_AlwaysRefresh":false,"showFog":true,"showSkybox":false,"showFlares":true,"showImageEffects":true,"showParticleSystems":true,"showVisualEffectGraphs":true,"m_FxEnabled":true},"in2DMode":false,"pivot":{"x":3.2059998512268068,"y":0.3999999761581421,"z":0.059999942779541019},"rotation":{"x":-0.1630786955356598,"y":0.003548813285306096,"z":-0.0005876921350136399,"w":-0.9866164326667786},"size":1.8460972309112549,"orthographic":false}