{"cameraMode":{"drawMode":0,"name":"Shaded","section":"Shading Mode"},"sceneLighting":true,"audioPlay":false,"sceneViewState":{"m_AlwaysRefresh":false,"showFog":true,"showSkybox":true,"showFlares":true,"showImageEffects":true,"showParticleSystems":true,"showVisualEffectGraphs":true,"m_FxEnabled":true},"in2DMode":false,"pivot":{"x":1.3833770751953126,"y":4.811736106872559,"z":-0.6053414344787598},"rotation":{"x":0.23583869636058808,"y":0.48374229669570925,"z":-0.1371561586856842,"w":0.8316715955734253},"size":8.542354583740235,"orthographic":false}