{"cameraMode":{"drawMode":0,"name":"Shaded","section":"Shading Mode"},"sceneLighting":false,"audioPlay":false,"sceneViewState":{"m_AlwaysRefresh":false,"showFog":true,"showSkybox":false,"showFlares":true,"showImageEffects":true,"showParticleSystems":true,"showVisualEffectGraphs":true,"m_FxEnabled":true},"in2DMode":false,"pivot":{"x":0.6717984080314636,"y":-1.9127049446105958,"z":-4.4075541496276859},"rotation":{"x":-0.010445037856698037,"y":0.947202742099762,"z":-0.31905117630958559,"w":-0.030977779999375345},"size":5.119168281555176,"orthographic":false}