{"cameraMode":{"drawMode":0,"name":"Shaded","section":"Shading Mode"},"sceneLighting":false,"audioPlay":false,"sceneViewState":{"m_AlwaysRefresh":false,"showFog":true,"showSkybox":false,"showFlares":true,"showImageEffects":true,"showParticleSystems":true,"showVisualEffectGraphs":true,"m_FxEnabled":true},"in2DMode":false,"pivot":{"x":0.1604195237159729,"y":1.0146771669387818,"z":1.1672823429107667},"rotation":{"x":-0.0065958546474576,"y":-0.038092032074928287,"z":-0.00025670762988738716,"w":0.9992650747299194},"size":1.8469868898391724,"orthographic":false}