{"cameraMode":{"drawMode":0,"name":"Shaded","section":"Shading Mode"},"sceneLighting":false,"audioPlay":false,"sceneViewState":{"m_AlwaysRefresh":false,"showFog":true,"showSkybox":false,"showFlares":true,"showImageEffects":true,"showParticleSystems":true,"showVisualEffectGraphs":true,"m_FxEnabled":true},"in2DMode":false,"pivot":{"x":-0.005096018314361572,"y":0.46599268913269045,"z":-0.023404955863952638},"rotation":{"x":-0.2582817077636719,"y":0.17616094648838044,"z":-0.04795088991522789,"w":-0.9486844539642334},"size":1.2391115427017213,"orthographic":false}