{"cameraMode":{"drawMode":0,"name":"Shaded","section":"Shading Mode"},"sceneLighting":false,"audioPlay":false,"sceneViewState":{"m_AlwaysRefresh":false,"showFog":true,"showSkybox":false,"showFlares":true,"showImageEffects":true,"showParticleSystems":true,"showVisualEffectGraphs":true,"m_FxEnabled":true},"in2DMode":false,"pivot":{"x":-0.03030472993850708,"y":1.2303988933563233,"z":0.5172566175460815},"rotation":{"x":-0.1680617779493332,"y":0.020709602162241937,"z":-0.003526700660586357,"w":-0.9855653047561646},"size":2.0550222396850588,"orthographic":false}